-- ARTIKL PODACI

INSERT INTO "artikl"("id", "naziv", "proizvodjac")
VALUES (1, 'Moja Kravica sveze mleko, 1L', 'AD Imlek');
INSERT INTO "artikl"("id", "naziv", "proizvodjac")
VALUES (2, 'Moja Kravica svezi sir, 1kg', 'AD Imlek');
INSERT INTO "artikl"("id", "naziv", "proizvodjac")
VALUES (3, 'Jogurt, 1l', 'AD Imlek');

INSERT INTO "artikl"("id", "naziv", "proizvodjac")
VALUES (4, 'Persil Regular prasak, 2kg', 'Henkel Srbija');
INSERT INTO "artikl"("id", "naziv", "proizvodjac")
VALUES (5, 'Persil Duo Caps pak', 'Henkel Srbija');
INSERT INTO "artikl"("id", "naziv", "proizvodjac")
VALUES (6, 'Persil Regular gel, 1l', 'Henkel Srbija');

INSERT INTO "artikl"("id", "naziv", "proizvodjac")
VALUES (7, 'Jagoda', 'Fruit DOO');
INSERT INTO "artikl"("id", "naziv", "proizvodjac")
VALUES (8, 'Jabuka', 'Fruit DOO');
INSERT INTO "artikl"("id", "naziv", "proizvodjac")
VALUES (9, 'Breskva', 'Fruit DOO');

INSERT INTO "artikl"("id", "naziv", "proizvodjac")
VALUES (10, 'Slag pena', 'CENTROPROIZVOD');
INSERT INTO "artikl"("id", "naziv", "proizvodjac")
VALUES (11, 'Puding jagoda', 'CENTROPROIZVOD');
INSERT INTO "artikl"("id", "naziv", "proizvodjac")
VALUES (12, 'Puding vanila', 'CENTROPROIZVOD');

INSERT INTO "artikl"("id", "naziv", "proizvodjac")
VALUES (-100, 'TestNaz', 'TestPr');

-- DOBAVLJAC PODACI

INSERT INTO "dobavljac"("id", "naziv", "adresa", "kontakt")
VALUES (1, 'AD Imlek', 'Industrijska zona BB, Beograd', '+3812133344');
INSERT INTO "dobavljac"("id", "naziv", "adresa", "kontakt")
VALUES (2, 'Henkel Srbija', 'Industrijska zona 55, Novi Sad', '+38121777111');
INSERT INTO "dobavljac"("id", "naziv", "adresa", "kontakt")
VALUES (3, 'Fruit DOO', 'Bulevar Oslobodjenja 33, Beograd', '+38121999222');
INSERT INTO "dobavljac"("id", "naziv", "adresa", "kontakt")
VALUES (4, 'CENTROPROIZVOD', 'Dobanovacki put, Surcin', '+38121222111');

INSERT INTO "dobavljac"("id", "naziv", "adresa", "kontakt")
VALUES (-100, 'TestNaz', 'TestAdr', 'TestKon');

-- PORUDZBINA PODACI

INSERT INTO "porudzbina"("id", "datum", "isporuceno", "dobavljac", "iznos", "placeno")
VALUES (1, to_date('01.03.2020.', 'dd.mm.yyyy.'), to_date('05.03.2020.', 'dd.mm.yyyy.'), 1, 0, TRUE);
INSERT INTO "porudzbina"("id", "datum", "isporuceno", "dobavljac", "iznos", "placeno")
VALUES (2, to_date('10.03.2020.', 'dd.mm.yyyy.'), to_date('15.03.2020.', 'dd.mm.yyyy.'), 2, 1000, FALSE);
INSERT INTO "porudzbina"("id", "datum", "isporuceno", "dobavljac", "iznos", "placeno")
VALUES (3, to_date('01.01.2020.', 'dd.mm.yyyy.'), to_date('01.01.2021.', 'dd.mm.yyyy.'), 3, 0, FALSE);
INSERT INTO "porudzbina"("id", "datum", "isporuceno", "dobavljac", "iznos", "placeno")
VALUES (4, to_date('01.05.2020.', 'dd.mm.yyyy.'), to_date('05.05.2020.', 'dd.mm.yyyy.'), 4, 0, TRUE);
INSERT INTO "porudzbina"("id", "datum", "isporuceno", "dobavljac", "iznos", "placeno")
VALUES (5, to_date('01.03.2020.', 'dd.mm.yyyy.'), to_date('05.03.2020.', 'dd.mm.yyyy.'), 4, 0, FALSE);

INSERT INTO "porudzbina"("id", "datum", "isporuceno", "dobavljac", "iznos", "placeno")
VALUES (-100, to_date('01.03.2020.', 'dd.mm.yyyy.'), to_date('05.03.2020.', 'dd.mm.yyyy.'), 1, 500, FALSE);

-- STAVKA PORUDZBINE PODACI

INSERT INTO "stavka_porudzbine"("id", "porudzbina", "redni_broj", "artikl", "kolicina", "jedinica_mere", "cena")
VALUES (1, 1, 1, 1, 20, 'komad', 100);
INSERT INTO "stavka_porudzbine"("id", "porudzbina", "redni_broj", "artikl", "kolicina", "jedinica_mere", "cena")
VALUES (2, 1, 2, 2, 10, 'komad', 300);
INSERT INTO "stavka_porudzbine"("id", "porudzbina", "redni_broj", "artikl", "kolicina", "jedinica_mere", "cena")
VALUES (3, 1, 3, 3, 15, 'komad', 120);

INSERT INTO "stavka_porudzbine"("id", "porudzbina", "redni_broj", "artikl", "kolicina", "jedinica_mere", "cena")
VALUES (4, 2, 1, 4, 100, 'komad', 400);
INSERT INTO "stavka_porudzbine"("id", "porudzbina", "redni_broj", "artikl", "kolicina", "jedinica_mere", "cena")
VALUES (5, 2, 2, 5, 60, 'komad', 350);
INSERT INTO "stavka_porudzbine"("id", "porudzbina", "redni_broj", "artikl", "kolicina", "jedinica_mere", "cena")
VALUES (6, 2, 3, 6, 30, 'komad', 300);

INSERT INTO "stavka_porudzbine"("id", "porudzbina", "redni_broj", "artikl", "kolicina", "jedinica_mere", "cena")
VALUES (7, 3, 1, 7, 50, 'kg', 80);
INSERT INTO "stavka_porudzbine"("id", "porudzbina", "redni_broj", "artikl", "kolicina", "jedinica_mere", "cena")
VALUES (8, 3, 2, 8, 30, 'kg', 120);
INSERT INTO "stavka_porudzbine"("id", "porudzbina", "redni_broj", "artikl", "kolicina", "jedinica_mere", "cena")
VALUES (9, 3, 3, 9, 100, 'kg', 150);

INSERT INTO "stavka_porudzbine"("id", "porudzbina", "redni_broj", "artikl", "kolicina", "jedinica_mere", "cena")
VALUES (10, 4, 1, 10, 30, 'komad', 30);
INSERT INTO "stavka_porudzbine"("id", "porudzbina", "redni_broj", "artikl", "kolicina", "jedinica_mere", "cena")
VALUES (11, 4, 2, 11, 50, 'komad', 40);
INSERT INTO "stavka_porudzbine"("id", "porudzbina", "redni_broj", "artikl", "kolicina", "jedinica_mere", "cena")
VALUES (12, 4, 3, 12, 40, 'komad', 35);
INSERT INTO "stavka_porudzbine"("id", "porudzbina", "redni_broj", "artikl", "kolicina", "jedinica_mere", "cena")
VALUES (13, 5, 1, 10, 60, 'komad', 30);
INSERT INTO "stavka_porudzbine"("id", "porudzbina", "redni_broj", "artikl", "kolicina", "jedinica_mere", "cena")
VALUES (14, 5, 2, 11, 130, 'komad', 40);

INSERT INTO "stavka_porudzbine"("id", "porudzbina", "redni_broj", "artikl", "kolicina", "jedinica_mere", "cena")
VALUES (-100, 1, 1, 1, 1, 'komad', 100);
